parody acct .⠀ ╱⠀ the tower﹔upright .
Milwaukee, WI
Phoenix 
California, USA
Southend, England
Columbus, OH
Colorado Springs, CO
You don't know?
Trumplandia
Dallas
Kingdom of Jordan
Paris
 USA
ATL-based but I do get around.
Houston, TX
Ghana Here Norr✊
montreal, qc
Florida 
Italy
Worldwide 
univer$ityariZONa
Fort Worth, TX
California, USA
Belgium
Philadelphia
dabachutes
Johannesburg South Africa
Philadelphia, PA
The Great State of Texas
Among the Stars
EXISTENTIAL DREAD
🇵🇭
Stockholm, Sverige
Frostbite Falls
Maceió
somewhere in malaysia
London, England
Warwick, Rhode Island.
Shawol and Star1 World
Welcome to My Startle Space
on my man
Vancouver WA
The District
Carrollton Georgia
District of Columbia, USA
Riyadh, Kingdom of Saudi Arabia
Colorado
St Paul, MN
Southern California
Loonaverse
Abuja
Atlanta, GA
District of Columbia, USA
w/ my grandma
Jennings Lodge, OR
United States
Tucson, AZ
United Kingdom
Vegas
Anywhere, USA
Los Santos
Cincinnati, OH
In The Trenches
New Orleans, Louisiana, U.S.A
DMV
United Kingdom
Ile-de-France, France
France
â“£â“”â“
14.02
æ±äº¬ æ¿æ©‹åŒº
Strasbourg, France
Uranus
ï¼¨ï½ï½ï½…
XboxLand, Black ops IV
Castres, France
France
Quelque part sur le réseau !
Rhône-Alpes, France
Carrefour, rayon légume
Pas là
Nord, Nord-Pas-de-Calais
France d'en bas
Paris, Ile-de-France
Saint-Victoret-Marignane
Bretagne 
paris
Le Havre
Cotonou
france
Not in paradise
Dordives, France
San Antonio, Usa
Nice, France
Dark Continent
Ardèche, Rhône-Alpes
Nancy
Bastia
Lyon
Oui oui, ma localisation
Bretagne
21juillet,nef
Bordeaux, France
France
Yolo-Sur-Daronne
77
🇫🇷
Pas-de-Calais, Nord-Pas-de-Cal
Ile-de-France, France
Amiens (80)
Montpellier
AvÃ³zinha âˆ
Ile-de-France, France
France
Belgique
Bordeaux, France
ëŒ€í•œë¯¼êµ­ ìˆ˜ì›ì‹œ
near Bordeaux, France
Paris, France
